Workbook

Sheet Gantt
B1: Gantt · Evaluación Sumativa N.º 2 — Arquitectura de Big Data en AWS
B2: TecnoParts Chile · Big Data U2 · Equipo de 3 integrantes · Hitos en día 5 y día 10 · Entrega día 14
B4: Fecha de inicio (Día 1): | E4: 46307 | G4: HORAS ESTIMADAS | I4: HORAS REALES | K4: AVANCE GLOBAL | M4: TAREAS LISTAS
B5: Texto azul = editable · Barra oscura = avance · ◆ = hito · Columna amarilla = hoy | G5: =SUM($K$9:$K$28) -> 66 | I5: =SUM($L$9:$L$28) -> 0 | K5: =IFERROR(SUMPRODUCT($K$9:$K$28,$N$9:$N$28)/SUM($K$9:$K$28),0) -> 0 | M5: =COUNTIF($O$9:$O$28,"Completado")&" / "&COUNTA($B$9:$B$28) -> 0 / 20
B6: ID | C6: Etapa | D6: Tarea | E6: Responsable | F6: Depende de | G6: Inicio (día) | H6: Dur. (días) | I6: Fecha inicio | J6: Fecha fin | K6: Horas est. | L6: Horas reales | M6: Desv. (h) | N6: % avance | O6: Estado | P6: =CHOOSE(WEEKDAY(P8,2),"L","M","X","J","V","S","D") -> L | Q6: =CHOOSE(WEEKDAY(Q8,2),"L","M","X","J","V","S","D") -> M | R6: =CHOOSE(WEEKDAY(R8,2),"L","M","X","J","V","S","D") -> X | S6: =CHOOSE(WEEKDAY(S8,2),"L","M","X","J","V","S","D") -> J | T6: =CHOOSE(WEEKDAY(T8,2),"L","M","X","J","V","S","D") -> V | U6: =CHOOSE(WEEKDAY(U8,2),"L","M","X","J","V","S","D") -> S | V6: =CHOOSE(WEEKDAY(V8,2),"L","M","X","J","V","S","D") -> D | W6: =CHOOSE(WEEKDAY(W8,2),"L","M","X","J","V","S","D") -> L | ... AE6: =CHOOSE(WEEKDAY(AE8,2),"L","M","X","J","V","S","D") -> M
P7: 1 | Q7: 2 | R7: 3 | S7: 4 | T7: 5 | U7: 6 | V7: 7 | W7: 8 | X7: 9 | Y7: 10 | Z7: 11 | AA7: 12 | AB7: 13 | AC7: 14 | AD7: 15 | AE7: 16
P8: =$E$4+P7-1 -> 46307 | Q8: =$E$4+Q7-1 -> 46308 | R8: =$E$4+R7-1 -> 46309 | S8: =$E$4+S7-1 -> 46310 | T8: =$E$4+T7-1 -> 46311 | U8: =$E$4+U7-1 -> 46312 | V8: =$E$4+V7-1 -> 46313 | W8: =$E$4+W7-1 -> 46314 | ... AE8: =$E$4+AE7-1 -> 46322
B9: T01 | C9: 0 · Planificación | D9: Gantt/Kanban inicial, repo Git y .gitignore | E9: Integrante 1 | F9: — | G9: 1 | H9: 1 | I9: =$E$4+G9-1 -> 46307 | J9: =I9+H9-1 -> 46307 | K9: 2 | M9: =IF(L9="","",L9-K9) | N9: 0 | O9: =IF(N9>=1,"Completado",IF(J9<TODAY(),"Atrasado",IF(N9>0,"En curso","Pendiente"))) -> Atrasado | P9: =IF(AND($B9<>"",$C9="Hito",P$7=$G9),"◆","") | Q9: =IF(AND($B9<>"",$C9="Hito",Q$7=$G9),"◆","") | R9: =IF(AND($B9<>"",$C9="Hito",R$7=$G9),"◆","") | S9: =IF(AND($B9<>"",$C9="Hito",S$7=$G9),"◆","") | T9: =IF(AND($B9<>"",$C9="Hito",T$7=$G9),"◆","") | U9: =IF(AND($B9<>"",$C9="Hito",U$7=$G9),"◆","") | V9: =IF(AND($B9<>"",$C9="Hito",V$7=$G9),"◆","") | W9: =IF(AND($B9<>"",$C9="Hito",W$7=$G9),"◆","") | ... AE9: =IF(AND($B9<>"",$C9="Hito",AE$7=$G9),"◆","")
B10: T02 | C10: 1 · Infraestructura | D10: Generar dataset con semilla personal (E11) | E10: Integrante 1 | F10: — | G10: 1 | H10: 1 | I10: =$E$4+G10-1 -> 46307 | J10: =I10+H10-1 -> 46307 | K10: 1.5 | M10: =IF(L10="","",L10-K10) | N10: 0 | O10: =IF(N10>=1,"Completado",IF(J10<TODAY(),"Atrasado",IF(N10>0,"En curso","Pendiente"))) -> Atrasado | P10: =IF(AND($B10<>"",$C10="Hito",P$7=$G10),"◆","") | Q10: =IF(AND($B10<>"",$C10="Hito",Q$7=$G10),"◆","") | R10: =IF(AND($B10<>"",$C10="Hito",R$7=$G10),"◆","") | S10: =IF(AND($B10<>"",$C10="Hito",S$7=$G10),"◆","") | T10: =IF(AND($B10<>"",$C10="Hito",T$7=$G10),"◆","") | U10: =IF(AND($B10<>"",$C10="Hito",U$7=$G10),"◆","") | V10: =IF(AND($B10<>"",$C10="Hito",V$7=$G10),"◆","") | W10: =IF(AND($B10<>"",$C10="Hito",W$7=$G10),"◆","") | ... AE10: =IF(AND($B10<>"",$C10="Hito",AE$7=$G10),"◆","")
B11: T03 | C11: 1 · Infraestructura | D11: Script reconstruir_cluster.sh (8 nodos, ZK, Spark HA) | E11: Integrante 1 | F11: T01 | G11: 2 | H11: 2 | I11: =$E$4+G11-1 -> 46308 | J11: =I11+H11-1 -> 46309 | K11: 6 | M11: =IF(L11="","",L11-K11) | N11: 0 | O11: =IF(N11>=1,"Completado",IF(J11<TODAY(),"Atrasado",IF(N11>0,"En curso","Pendiente"))) -> Pendiente | P11: =IF(AND($B11<>"",$C11="Hito",P$7=$G11),"◆","") | Q11: =IF(AND($B11<>"",$C11="Hito",Q$7=$G11),"◆","") | R11: =IF(AND($B11<>"",$C11="Hito",R$7=$G11),"◆","") | S11: =IF(AND($B11<>"",$C11="Hito",S$7=$G11),"◆","") | T11: =IF(AND($B11<>"",$C11="Hito",T$7=$G11),"◆","") | U11: =IF(AND($B11<>"",$C11="Hito",U$7=$G11),"◆","") | V11: =IF(AND($B11<>"",$C11="Hito",V$7=$G11),"◆","") | W11: =IF(AND($B11<>"",$C11="Hito",W$7=$G11),"◆","") | ... AE11: =IF(AND($B11<>"",$C11="Hito",AE$7=$G11),"◆","")
B12: T04 | C12: 1 · Infraestructura | D12: Verificar ZooKeeper y WebUI de masters (E1, E2, E9) | E12: Integrante 1 | F12: T03 | G12: 4 | H12: 1 | I12: =$E$4+G12-1 -> 46310 | J12: =I12+H12-1 -> 46310 | K12: 1.5 | M12: =IF(L12="","",L12-K12) | N12: 0 | O12: =IF(N12>=1,"Completado",IF(J12<TODAY(),"Atrasado",IF(N12>0,"En curso","Pendiente"))) -> Pendiente | P12: =IF(AND($B12<>"",$C12="Hito",P$7=$G12),"◆","") | Q12: =IF(AND($B12<>"",$C12="Hito",Q$7=$G12),"◆","") | R12: =IF(AND($B12<>"",$C12="Hito",R$7=$G12),"◆","") | S12: =IF(AND($B12<>"",$C12="Hito",S$7=$G12),"◆","") | T12: =IF(AND($B12<>"",$C12="Hito",T$7=$G12),"◆","") | U12: =IF(AND($B12<>"",$C12="Hito",U$7=$G12),"◆","") | V12: =IF(AND($B12<>"",$C12="Hito",V$7=$G12),"◆","") | W12: =IF(AND($B12<>"",$C12="Hito",W$7=$G12),"◆","") | ... AE12: =IF(AND($B12<>"",$C12="Hito",AE$7=$G12),"◆","")
B13: T05 | C13: 2 · Ingesta | D13: Bucket S3, carga de raw/ y acceso S3A (E8) | E13: Integrante 1 | F13: T03 | G13: 4 | H13: 2 | I13: =$E$4+G13-1 -> 46310 | J13: =I13+H13-1 -> 46311 | K13: 3 | M13: =IF(L13="","",L13-K13) | N13: 0 | O13: =IF(N13>=1,"Completado",IF(J13<TODAY(),"Atrasado",IF(N13>0,"En curso","Pendiente"))) -> Pendiente | P13: =IF(AND($B13<>"",$C13="Hito",P$7=$G13),"◆","") | Q13: =IF(AND($B13<>"",$C13="Hito",Q$7=$G13),"◆","") | R13: =IF(AND($B13<>"",$C13="Hito",R$7=$G13),"◆","") | S13: =IF(AND($B13<>"",$C13="Hito",S$7=$G13),"◆","") | T13: =IF(AND($B13<>"",$C13="Hito",T$7=$G13),"◆","") | U13: =IF(AND($B13<>"",$C13="Hito",U$7=$G13),"◆","") | V13: =IF(AND($B13<>"",$C13="Hito",V$7=$G13),"◆","") | W13: =IF(AND($B13<>"",$C13="Hito",W$7=$G13),"◆","") | ... AE13: =IF(AND($B13<>"",$C13="Hito",AE$7=$G13),"◆","")
B14: H1 | C14: Hito | D14: ◆ HITO 1 · Control de avance (sin nota) | E14: Todos | F14: T04, T05 | G14: 5 | H14: 1 | I14: =$E$4+G14-1 -> 46311 | J14: =I14+H14-1 -> 46311 | K14: 0 | M14: =IF(L14="","",L14-K14) | N14: 0 | O14: =IF(N14>=1,"Completado",IF(J14<TODAY(),"Atrasado",IF(N14>0,"En curso","Pendiente"))) -> Pendiente | P14: =IF(AND($B14<>"",$C14="Hito",P$7=$G14),"◆","") | Q14: =IF(AND($B14<>"",$C14="Hito",Q$7=$G14),"◆","") | R14: =IF(AND($B14<>"",$C14="Hito",R$7=$G14),"◆","") | S14: =IF(AND($B14<>"",$C14="Hito",S$7=$G14),"◆","") | T14: =IF(AND($B14<>"",$C14="Hito",T$7=$G14),"◆","") -> ◆ | U14: =IF(AND($B14<>"",$C14="Hito",U$7=$G14),"◆","") | V14: =IF(AND($B14<>"",$C14="Hito",V$7=$G14),"◆","") | W14: =IF(AND($B14<>"",$C14="Hito",W$7=$G14),"◆","") | ... AE14: =IF(AND($B14<>"",$C14="Hito",AE$7=$G14),"◆","")
B15: T06 | C15: 3 · ETL | D15: ETL: esquema explícito y 4 reglas de calidad | E15: Integrante 2 | F15: T05 | G15: 6 | H15: 2 | I15: =$E$4+G15-1 -> 46312 | J15: =I15+H15-1 -> 46313 | K15: 6 | M15: =IF(L15="","",L15-K15) | N15: 0 | O15: =IF(N15>=1,"Completado",IF(J15<TODAY(),"Atrasado",IF(N15>0,"En curso","Pendiente"))) -> Pendiente | P15: =IF(AND($B15<>"",$C15="Hito",P$7=$G15),"◆","") | Q15: =IF(AND($B15<>"",$C15="Hito",Q$7=$G15),"◆","") | R15: =IF(AND($B15<>"",$C15="Hito",R$7=$G15),"◆","") | S15: =IF(AND($B15<>"",$C15="Hito",S$7=$G15),"◆","") | T15: =IF(AND($B15<>"",$C15="Hito",T$7=$G15),"◆","") | U15: =IF(AND($B15<>"",$C15="Hito",U$7=$G15),"◆","") | V15: =IF(AND($B15<>"",$C15="Hito",V$7=$G15),"◆","") | W15: =IF(AND($B15<>"",$C15="Hito",W$7=$G15),"◆","") | ... AE15: =IF(AND($B15<>"",$C15="Hito",AE$7=$G15),"◆","")
B16: T07 | C16: 3 · ETL | D16: ETL: joins y Parquet particionado en curated/ (E8) | E16: Integrante 2 | F16: T06 | G16: 8 | H16: 2 | I16: =$E$4+G16-1 -> 46314 | J16: =I16+H16-1 -> 46315 | K16: 5 | M16: =IF(L16="","",L16-K16) | N16: 0 | O16: =IF(N16>=1,"Completado",IF(J16<TODAY(),"Atrasado",IF(N16>0,"En curso","Pendiente"))) -> Pendiente | P16: =IF(AND($B16<>"",$C16="Hito",P$7=$G16),"◆","") | Q16: =IF(AND($B16<>"",$C16="Hito",Q$7=$G16),"◆","") | R16: =IF(AND($B16<>"",$C16="Hito",R$7=$G16),"◆","") | S16: =IF(AND($B16<>"",$C16="Hito",S$7=$G16),"◆","") | T16: =IF(AND($B16<>"",$C16="Hito",T$7=$G16),"◆","") | U16: =IF(AND($B16<>"",$C16="Hito",U$7=$G16),"◆","") | V16: =IF(AND($B16<>"",$C16="Hito",V$7=$G16),"◆","") | W16: =IF(AND($B16<>"",$C16="Hito",W$7=$G16),"◆","") | ... AE16: =IF(AND($B16<>"",$C16="Hito",AE$7=$G16),"◆","")
B17: T08 | C17: 4 · Modelo | D17: Modelo: tabla de entrada y primera versión | E17: Integrante 3 | F17: T05 | G17: 6 | H17: 4 | I17: =$E$4+G17-1 -> 46312 | J17: =I17+H17-1 -> 46315 | K17: 6 | M17: =IF(L17="","",L17-K17) | N17: 0 | O17: =IF(N17>=1,"Completado",IF(J17<TODAY(),"Atrasado",IF(N17>0,"En curso","Pendiente"))) -> Pendiente | P17: =IF(AND($B17<>"",$C17="Hito",P$7=$G17),"◆","") | Q17: =IF(AND($B17<>"",$C17="Hito",Q$7=$G17),"◆","") | R17: =IF(AND($B17<>"",$C17="Hito",R$7=$G17),"◆","") | S17: =IF(AND($B17<>"",$C17="Hito",S$7=$G17),"◆","") | T17: =IF(AND($B17<>"",$C17="Hito",T$7=$G17),"◆","") | U17: =IF(AND($B17<>"",$C17="Hito",U$7=$G17),"◆","") | V17: =IF(AND($B17<>"",$C17="Hito",V$7=$G17),"◆","") | W17: =IF(AND($B17<>"",$C17="Hito",W$7=$G17),"◆","") | ... AE17: =IF(AND($B17<>"",$C17="Hito",AE$7=$G17),"◆","")
B18: T09 | C18: 4 · Modelo | D18: Modelo: métricas, validación y results/ | E18: Integrante 3 | F18: T07, T08 | G18: 10 | H18: 2 | I18: =$E$4+G18-1 -> 46316 | J18: =I18+H18-1 -> 46317 | K18: 4 | M18: =IF(L18="","",L18-K18) | N18: 0 | O18: =IF(N18>=1,"Completado",IF(J18<TODAY(),"Atrasado",IF(N18>0,"En curso","Pendiente"))) -> Pendiente | P18: =IF(AND($B18<>"",$C18="Hito",P$7=$G18),"◆","") | Q18: =IF(AND($B18<>"",$C18="Hito",Q$7=$G18),"◆","") | R18: =IF(AND($B18<>"",$C18="Hito",R$7=$G18),"◆","") | S18: =IF(AND($B18<>"",$C18="Hito",S$7=$G18),"◆","") | T18: =IF(AND($B18<>"",$C18="Hito",T$7=$G18),"◆","") | U18: =IF(AND($B18<>"",$C18="Hito",U$7=$G18),"◆","") | V18: =IF(AND($B18<>"",$C18="Hito",V$7=$G18),"◆","") | W18: =IF(AND($B18<>"",$C18="Hito",W$7=$G18),"◆","") | ... AE18: =IF(AND($B18<>"",$C18="Hito",AE$7=$G18),"◆","")
B19: T10 | C19: 5 · Failover | D19: Ensayo de failover (detener master-1 y medir) | E19: Integrante 1 | F19: T04, T05 | G19: 9 | H19: 1 | I19: =$E$4+G19-1 -> 46315 | J19: =I19+H19-1 -> 46315 | K19: 3 | M19: =IF(L19="","",L19-K19) | N19: 0 | O19: =IF(N19>=1,"Completado",IF(J19<TODAY(),"Atrasado",IF(N19>0,"En curso","Pendiente"))) -> Pendiente | P19: =IF(AND($B19<>"",$C19="Hito",P$7=$G19),"◆","") | Q19: =IF(AND($B19<>"",$C19="Hito",Q$7=$G19),"◆","") | R19: =IF(AND($B19<>"",$C19="Hito",R$7=$G19),"◆","") | S19: =IF(AND($B19<>"",$C19="Hito",S$7=$G19),"◆","") | T19: =IF(AND($B19<>"",$C19="Hito",T$7=$G19),"◆","") | U19: =IF(AND($B19<>"",$C19="Hito",U$7=$G19),"◆","") | V19: =IF(AND($B19<>"",$C19="Hito",V$7=$G19),"◆","") | W19: =IF(AND($B19<>"",$C19="Hito",W$7=$G19),"◆","") | ... AE19: =IF(AND($B19<>"",$C19="Hito",AE$7=$G19),"◆","")
B20: H2 | C20: Hito | D20: ◆ HITO 2 · ETL, modelo v1 y failover ensayado | E20: Todos | F20: T07, T08, T10 | G20: 10 | H20: 1 | I20: =$E$4+G20-1 -> 46316 | J20: =I20+H20-1 -> 46316 | K20: 0 | M20: =IF(L20="","",L20-K20) | N20: 0 | O20: =IF(N20>=1,"Completado",IF(J20<TODAY(),"Atrasado",IF(N20>0,"En curso","Pendiente"))) -> Pendiente | P20: =IF(AND($B20<>"",$C20="Hito",P$7=$G20),"◆","") | Q20: =IF(AND($B20<>"",$C20="Hito",Q$7=$G20),"◆","") | R20: =IF(AND($B20<>"",$C20="Hito",R$7=$G20),"◆","") | S20: =IF(AND($B20<>"",$C20="Hito",S$7=$G20),"◆","") | T20: =IF(AND($B20<>"",$C20="Hito",T$7=$G20),"◆","") | U20: =IF(AND($B20<>"",$C20="Hito",U$7=$G20),"◆","") | V20: =IF(AND($B20<>"",$C20="Hito",V$7=$G20),"◆","") | W20: =IF(AND($B20<>"",$C20="Hito",W$7=$G20),"◆","") | ... AE20: =IF(AND($B20<>"",$C20="Hito",AE$7=$G20),"◆","")
... B28: T17 | C28: 7 · Informe y defensa | D28: Preparar y grabar defensa (video ≤5 min) | E28: Todos | F28: H3 | G28: 15 | H28: 2 | I28: =$E$4+G28-1 -> 46321 | J28: =I28+H28-1 -> 46322 | K28: 3 | M28: =IF(L28="","",L28-K28) | N28: 0 | O28: =IF(N28>=1,"Completado",IF(J28<TODAY(),"Atrasado",IF(N28>0,"En curso","Pendiente"))) -> Pendiente | P28: =IF(AND($B28<>"",$C28="Hito",P$7=$G28),"◆","") | Q28: =IF(AND($B28<>"",$C28="Hito",Q$7=$G28),"◆","") | R28: =IF(AND($B28<>"",$C28="Hito",R$7=$G28),"◆","") | S28: =IF(AND($B28<>"",$C28="Hito",S$7=$G28),"◆","") | T28: =IF(AND($B28<>"",$C28="Hito",T$7=$G28),"◆","") | U28: =IF(AND($B28<>"",$C28="Hito",U$7=$G28),"◆","") | V28: =IF(AND($B28<>"",$C28="Hito",V$7=$G28),"◆","") | W28: =IF(AND($B28<>"",$C28="Hito",W$7=$G28),"◆","") | ... AE28: =IF(AND($B28<>"",$C28="Hito",AE$7=$G28),"◆","")
D29: TOTAL | K29: =SUM(K9:K28) -> 66 | L29: =SUM(L9:L28) -> 0 | M29: =IF(COUNT(L9:L28)=0,"",L29-SUMIF(L9:L28,"<>",K9:K28)) | N29: =IFERROR(SUMPRODUCT(K9:K28,N9:N28)/K29,0) -> 0
B31: Supuestos
B32: • Horas estimadas: supuesto inicial del equipo (≈66 h en total, ~22 h por integrante; el enunciado indica 18 a 22 h de trabajo autónomo por persona). Ajústelas.
B33: • Día 1 = fecha de inicio (celda amarilla E4). Hitos del enunciado: Hito 1 = día 5, Hito 2 = día 10, entrega final = día 14 (23:59), defensa la semana siguiente.
B34: • Al terminar cada tarea registre Horas reales (col. L) y % avance (col. N). La desviación = real − estimado. Esto alimenta la retrospectiva (D13 y D14).
B35: • Estado se calcula solo: Completado (100%), En curso (>0%), Atrasado (fecha fin vencida sin completar) o Pendiente.

Sheet Resumen
A1: Resumen del plan
A2: Calculado automáticamente desde la hoja Gantt
A4: Por etapa
A5: Etapa | B5: Tareas | C5: Horas est. | D5: Horas reales | E5: Desv. (h) | F5: Avance
A6: 0 · Planificación | B6: =COUNTIF(Gantt!$C$9:$C$28,A6) -> 1 | C6: =SUMIFS(Gantt!$K$9:$K$28,Gantt!$C$9:$C$28,A6) -> 2 | D6: =SUMIFS(Gantt!$L$9:$L$28,Gantt!$C$9:$C$28,A6) -> 0 | E6: =IF(COUNTIFS(Gantt!$C$9:$C$28,A6,Gantt!$L$9:$L$28,"<>")=0,"",D6-SUMIFS(Gantt!$K$9:$K$28,Gantt!$C$9:$C$28,A6,Gantt!$L$9:$L$28,"<>")) | F6: =IFERROR(SUMPRODUCT((Gantt!$C$9:$C$28=A6)*Gantt!$K$9:$K$28*Gantt!$N$9:$N$28)/C6,0) -> 0
A7: 1 · Infraestructura | B7: =COUNTIF(Gantt!$C$9:$C$28,A7) -> 3 | C7: =SUMIFS(Gantt!$K$9:$K$28,Gantt!$C$9:$C$28,A7) -> 9 | D7: =SUMIFS(Gantt!$L$9:$L$28,Gantt!$C$9:$C$28,A7) -> 0 | E7: =IF(COUNTIFS(Gantt!$C$9:$C$28,A7,Gantt!$L$9:$L$28,"<>")=0,"",D7-SUMIFS(Gantt!$K$9:$K$28,Gantt!$C$9:$C$28,A7,Gantt!$L$9:$L$28,"<>")) | F7: =IFERROR(SUMPRODUCT((Gantt!$C$9:$C$28=A7)*Gantt!$K$9:$K$28*Gantt!$N$9:$N$28)/C7,0) -> 0
A8: 2 · Ingesta | B8: =COUNTIF(Gantt!$C$9:$C$28,A8) -> 1 | C8: =SUMIFS(Gantt!$K$9:$K$28,Gantt!$C$9:$C$28,A8) -> 3 | D8: =SUMIFS(Gantt!$L$9:$L$28,Gantt!$C$9:$C$28,A8) -> 0 | E8: =IF(COUNTIFS(Gantt!$C$9:$C$28,A8,Gantt!$L$9:$L$28,"<>")=0,"",D8-SUMIFS(Gantt!$K$9:$K$28,Gantt!$C$9:$C$28,A8,Gantt!$L$9:$L$28,"<>")) | F8: =IFERROR(SUMPRODUCT((Gantt!$C$9:$C$28=A8)*Gantt!$K$9:$K$28*Gantt!$N$9:$N$28)/C8,0) -> 0
A9: 3 · ETL | B9: =COUNTIF(Gantt!$C$9:$C$28,A9) -> 2 | C9: =SUMIFS(Gantt!$K$9:$K$28,Gantt!$C$9:$C$28,A9) -> 11 | D9: =SUMIFS(Gantt!$L$9:$L$28,Gantt!$C$9:$C$28,A9) -> 0 | E9: =IF(COUNTIFS(Gantt!$C$9:$C$28,A9,Gantt!$L$9:$L$28,"<>")=0,"",D9-SUMIFS(Gantt!$K$9:$K$28,Gantt!$C$9:$C$28,A9,Gantt!$L$9:$L$28,"<>")) | F9: =IFERROR(SUMPRODUCT((Gantt!$C$9:$C$28=A9)*Gantt!$K$9:$K$28*Gantt!$N$9:$N$28)/C9,0) -> 0
A10: 4 · Modelo | B10: =COUNTIF(Gantt!$C$9:$C$28,A10) -> 2 | C10: =SUMIFS(Gantt!$K$9:$K$28,Gantt!$C$9:$C$28,A10) -> 10 | D10: =SUMIFS(Gantt!$L$9:$L$28,Gantt!$C$9:$C$28,A10) -> 0 | E10: =IF(COUNTIFS(Gantt!$C$9:$C$28,A10,Gantt!$L$9:$L$28,"<>")=0,"",D10-SUMIFS(Gantt!$K$9:$K$28,Gantt!$C$9:$C$28,A10,Gantt!$L$9:$L$28,"<>")) | F10: =IFERROR(SUMPRODUCT((Gantt!$C$9:$C$28=A10)*Gantt!$K$9:$K$28*Gantt!$N$9:$N$28)/C10,0) -> 0
A11: 5 · Failover | B11: =COUNTIF(Gantt!$C$9:$C$28,A11) -> 2 | C11: =SUMIFS(Gantt!$K$9:$K$28,Gantt!$C$9:$C$28,A11) -> 8 | D11: =SUMIFS(Gantt!$L$9:$L$28,Gantt!$C$9:$C$28,A11) -> 0 | E11: =IF(COUNTIFS(Gantt!$C$9:$C$28,A11,Gantt!$L$9:$L$28,"<>")=0,"",D11-SUMIFS(Gantt!$K$9:$K$28,Gantt!$C$9:$C$28,A11,Gantt!$L$9:$L$28,"<>")) | F11: =IFERROR(SUMPRODUCT((Gantt!$C$9:$C$28=A11)*Gantt!$K$9:$K$28*Gantt!$N$9:$N$28)/C11,0) -> 0
A12: 6 · Análisis crítico | B12: =COUNTIF(Gantt!$C$9:$C$28,A12) -> 2 | C12: =SUMIFS(Gantt!$K$9:$K$28,Gantt!$C$9:$C$28,A12) -> 8 | D12: =SUMIFS(Gantt!$L$9:$L$28,Gantt!$C$9:$C$28,A12) -> 0 | E12: =IF(COUNTIFS(Gantt!$C$9:$C$28,A12,Gantt!$L$9:$L$28,"<>")=0,"",D12-SUMIFS(Gantt!$K$9:$K$28,Gantt!$C$9:$C$28,A12,Gantt!$L$9:$L$28,"<>")) | F12: =IFERROR(SUMPRODUCT((Gantt!$C$9:$C$28=A12)*Gantt!$K$9:$K$28*Gantt!$N$9:$N$28)/C12,0) -> 0
A13: 7 · Informe y defensa | B13: =COUNTIF(Gantt!$C$9:$C$28,A13) -> 4 | C13: =SUMIFS(Gantt!$K$9:$K$28,Gantt!$C$9:$C$28,A13) -> 15 | D13: =SUMIFS(Gantt!$L$9:$L$28,Gantt!$C$9:$C$28,A13) -> 0 | E13: =IF(COUNTIFS(Gantt!$C$9:$C$28,A13,Gantt!$L$9:$L$28,"<>")=0,"",D13-SUMIFS(Gantt!$K$9:$K$28,Gantt!$C$9:$C$28,A13,Gantt!$L$9:$L$28,"<>")) | F13: =IFERROR(SUMPRODUCT((Gantt!$C$9:$C$28=A13)*Gantt!$K$9:$K$28*Gantt!$N$9:$N$28)/C13,0) -> 0
A14: Total | B14: =SUM(B6:B13) -> 17 | C14: =SUM(C6:C13) -> 66 | D14: =SUM(D6:D13) -> 0 | F14: =IFERROR(SUMPRODUCT(C6:C13,F6:F13)/C14,0) -> 0
A16: Por responsable
A17: Responsable | B17: Tareas | C17: Horas est. | D17: Horas reales | E17: Desv. (h)
A18: Integrante 1 | B18: =COUNTIFS(Gantt!$E$9:$E$28,A18,Gantt!$C$9:$C$28,"<>Hito") -> 6 | C18: =SUMIFS(Gantt!$K$9:$K$28,Gantt!$E$9:$E$28,A18) -> 17 | D18: =SUMIFS(Gantt!$L$9:$L$28,Gantt!$E$9:$E$28,A18) -> 0 | E18: =IF(COUNTIFS(Gantt!$E$9:$E$28,A18,Gantt!$L$9:$L$28,"<>")=0,"",D18-SUMIFS(Gantt!$K$9:$K$28,Gantt!$E$9:$E$28,A18,Gantt!$L$9:$L$28,"<>"))
A19: Integrante 2 | B19: =COUNTIFS(Gantt!$E$9:$E$28,A19,Gantt!$C$9:$C$28,"<>Hito") -> 4 | C19: =SUMIFS(Gantt!$K$9:$K$28,Gantt!$E$9:$E$28,A19) -> 17 | D19: =SUMIFS(Gantt!$L$9:$L$28,Gantt!$E$9:$E$28,A19) -> 0 | E19: =IF(COUNTIFS(Gantt!$E$9:$E$28,A19,Gantt!$L$9:$L$28,"<>")=0,"",D19-SUMIFS(Gantt!$K$9:$K$28,Gantt!$E$9:$E$28,A19,Gantt!$L$9:$L$28,"<>"))
A20: Integrante 3 | B20: =COUNTIFS(Gantt!$E$9:$E$28,A20,Gantt!$C$9:$C$28,"<>Hito") -> 3 | C20: =SUMIFS(Gantt!$K$9:$K$28,Gantt!$E$9:$E$28,A20) -> 14 | D20: =SUMIFS(Gantt!$L$9:$L$28,Gantt!$E$9:$E$28,A20) -> 0 | E20: =IF(COUNTIFS(Gantt!$E$9:$E$28,A20,Gantt!$L$9:$L$28,"<>")=0,"",D20-SUMIFS(Gantt!$K$9:$K$28,Gantt!$E$9:$E$28,A20,Gantt!$L$9:$L$28,"<>"))
A21: Todos | B21: =COUNTIFS(Gantt!$E$9:$E$28,A21,Gantt!$C$9:$C$28,"<>Hito") -> 4 | C21: =SUMIFS(Gantt!$K$9:$K$28,Gantt!$E$9:$E$28,A21) -> 18 | D21: =SUMIFS(Gantt!$L$9:$L$28,Gantt!$E$9:$E$28,A21) -> 0 | E21: =IF(COUNTIFS(Gantt!$E$9:$E$28,A21,Gantt!$L$9:$L$28,"<>")=0,"",D21-SUMIFS(Gantt!$K$9:$K$28,Gantt!$E$9:$E$28,A21,Gantt!$L$9:$L$28,"<>"))
A23: • Las horas de «Todos» son trabajo compartido; repártalas entre los 3 al evaluar la carga.
A24: • Para usar nombres reales: Buscar y reemplazar «Integrante 1» (Ctrl+L) en el libro completo.
